_MEMBER_MyList,_LogP_MyList,GO,_PATTERN_,_RANK_,GiniIndex,Category,CategoryID,Description,PARENT_GO,LogP,Enrichment,Z-score,#TotalGeneInLibrary,#GeneInGO,#GeneInHitList,#GeneInGOAndHitList,%InGO,STDV %InGO,GeneID,Hits,Log(q-value),EvidenceCutoff
1,-5.6,M29971,M1,1,0,Transcription Factor Targets,16,FOXG1 TARGET GENES,,-5.6,7.6,7.3,30244,587,61,9,15,4.5,1431|2597|23395|23761|25828|51067|57176|124454|133686,CS|GAPDH|LARS2|PISD|TXN2|YARS2|VARS2|EARS2|NADK2,-2.2,0
1,-5.3,M30308,M1,1,0,Transcription Factor Targets,16,ZNF362 TARGET GENES,,-5.3,7.1,7,30244,628,61,9,15,4.5,471|1431|5198|10380|10667|25821|25828|63929|128387,ATIC|CS|PFAS|BPNT1|FARS2|MTO1|TXN2|XPNPEP3|TATDN3,-2,0
1,-5.1,M30403,M1,1,0,Transcription Factor Targets,16,ZSCAN21 TARGET GENES,,-5.1,7.9,7,30244,504,61,8,13,4.3,6647|8566|23761|55157|57176|65008|84705|128387,SOD1|PDXK|PISD|DARS2|VARS2|MRPL1|GTPBP3|TATDN3,-1.8,0
1,-5.1,M40714,M1,1,0,Transcription Factor Targets,16,ZNF250 TARGET GENES,,-5.1,7.9,7,30244,505,61,8,13,4.3,1431|11222|23438|23761|25828|84705|128387|134266,CS|MRPL3|HARS2|PISD|TXN2|GTPBP3|TATDN3|GRPEL2,-1.8,0
1,-4.2,M40771,M1,1,0,Transcription Factor Targets,16,ZNF260 TARGET GENES,,-4.2,6.9,6,30244,500,61,7,11,4.1,8566|10380|11222|51116|57176|84705|128387,PDXK|BPNT1|MRPL3|MRPS2|VARS2|GTPBP3|TATDN3,-1.2,0
1,-4.1,M30246,M1,1,0,Transcription Factor Targets,16,ZFP3 TARGET GENES,,-4.1,8.4,6.3,30244,355,61,6,9.8,3.8,5198|23761|25821|25828|54995|84705,PFAS|PISD|MTO1|TXN2|OXSM|GTPBP3,-1.2,0
1,-4.1,M30009,M1,1,0,Transcription Factor Targets,16,HOXA7 TARGET GENES,,-4.1,17,7.8,30244,115,61,4,6.6,3.2,51067|57176|79590|134266,YARS2|VARS2|MRPL24|GRPEL2,-1.2,0
1,-3.9,M17997,M1,1,0,Transcription Factor Targets,16,TGACGTCA ATF3 Q6,,-3.9,11,6.6,30244,235,61,5,8.2,3.5,1040|4967|5198|63929|64080,CDS1|OGDH|PFAS|XPNPEP3|RBKS,-1.1,0
1,-3.8,M30038,M1,1,0,Transcription Factor Targets,16,KLF14 TARGET GENES,,-3.8,9.8,6.3,30244,253,61,5,8.2,3.5,3336|23761|54963|84705|124454,HSPE1|PISD|UCKL1|GTPBP3|EARS2,-0.99,0
1,-3.8,M29944,M1,1,0,Transcription Factor Targets,16,DMRT1 TARGET GENES,,-3.8,7.3,5.7,30244,410,61,6,9.8,3.8,23438|25828|29968|54938|65008|134266,HARS2|TXN2|PSAT1|SARS2|MRPL1|GRPEL2,-0.97,0
1,-3.7,M30371,M1,1,0,Transcription Factor Targets,16,ZNF660 TARGET GENES,,-3.7,5,5.1,30244,791,61,8,13,4.3,440|6182|8566|11222|23395|29920|57176|65008,ASNS|MRPL12|PDXK|MRPL3|LARS2|PYCR2|VARS2|MRPL1,-0.96,0
1,-3.7,M40704,M1,1,0,Transcription Factor Targets,16,ZC3H11A TARGET GENES,,-3.7,5.9,5.4,30244,593,61,7,11,4.1,25821|25828|63929|65008|128387|133686|134266,MTO1|TXN2|XPNPEP3|MRPL1|TATDN3|NADK2|GRPEL2,-0.96,0
1,-3.7,M16699,M1,1,0,Transcription Factor Targets,16,CREBP1CJUN 01,,-3.7,9.4,6.2,30244,264,61,5,8.2,3.5,1040|4967|5198|63929|64080,CDS1|OGDH|PFAS|XPNPEP3|RBKS,-0.96,0
1,-3.7,M17180,M1,1,0,Transcription Factor Targets,16,CREB 01,,-3.7,9.3,6.1,30244,268,61,5,8.2,3.5,1040|4967|5198|63929|64080,CDS1|OGDH|PFAS|XPNPEP3|RBKS,-0.94,0
1,-3.6,M30211,M1,1,0,Transcription Factor Targets,16,TOP2B TARGET GENES,,-3.6,5.7,5.2,30244,613,61,7,11,4.1,38|10201|10380|23761|25821|57176|128387,ACAT1|NME6|BPNT1|PISD|MTO1|VARS2|TATDN3,-0.93,0
1,-3.6,M40800,M1,1,0,Transcription Factor Targets,16,ZNF547 TARGET GENES,,-3.6,13,6.8,30244,149,61,4,6.6,3.2,11222|25821|84705|128387,MRPL3|MTO1|GTPBP3|TATDN3,-0.93,0
1,-3.6,M40847,M1,1,0,Transcription Factor Targets,16,ELF5 TARGET GENES,,-3.6,6.7,5.4,30244,444,61,6,9.8,3.8,3336|23438|65008|79590|124454|134266,HSPE1|HARS2|MRPL1|MRPL24|EARS2|GRPEL2,-0.88,0
1,-3.5,M40822,M1,1,0,Transcription Factor Targets,16,AUTS2 TARGET GENES,,-3.5,6.6,5.4,30244,450,61,6,9.8,3.8,2597|9553|11019|54938|79590|84705,GAPDH|MRPL33|LIAS|SARS2|MRPL24|GTPBP3,-0.88,0
1,-3.5,M40729,M1,1,0,Transcription Factor Targets,16,CUX1 TARGET GENES,,-3.5,5.4,5.1,30244,641,61,7,11,4.1,4967|23761|25821|25828|54995|133686|134266,OGDH|PISD|MTO1|TXN2|OXSM|NADK2|GRPEL2,-0.88,0
1,-3.3,M30142,M1,1,0,Transcription Factor Targets,16,RFX7 TARGET GENES,,-3.3,5.9,5,30244,500,61,6,9.8,3.8,4351|9553|10352|23395|51067|57176,MPI|MRPL33|WARS2|LARS2|YARS2|VARS2,-0.7,0
1,-3.2,M29968,M1,1,0,Transcription Factor Targets,16,FOXE1 TARGET GENES,,-3.2,4.8,4.6,30244,728,61,7,11,4.1,2597|2752|3336|11019|54995|65008|79590,GAPDH|GLUL|HSPE1|LIAS|OXSM|MRPL1|MRPL24,-0.63,0
1,-3.2,M30080,M1,1,0,Transcription Factor Targets,16,NCOA2 TARGET GENES,,-3.2,5.6,4.8,30244,530,61,6,9.8,3.8,38|10201|10573|10667|63929|64080,ACAT1|NME6|MRPL28|FARS2|XPNPEP3|RBKS,-0.6,0
1,-3.1,M40803,M1,1,0,Transcription Factor Targets,16,ZNF595 TARGET GENES,,-3.1,17,6.6,30244,90,61,3,4.9,2.8,8566|79590|128387,PDXK|MRPL24|TATDN3,-0.55,0
1,-3.1,M9955,M1,1,0,Transcription Factor Targets,16,TGAYRTCA ATF3 Q6,,-3.1,5.4,4.7,30244,549,61,6,9.8,3.8,1040|1431|4967|5198|63929|64080,CDS1|CS|OGDH|PFAS|XPNPEP3|RBKS,-0.55,0
1,-3,M3410,M1,1,0,Transcription Factor Targets,16,CREB Q4 01,,-3,9.1,5.4,30244,217,61,4,6.6,3.2,1040|4967|5198|64080,CDS1|OGDH|PFAS|RBKS,-0.51,0
1,-2.9,M29943,M1,1,0,Transcription Factor Targets,16,DLX6 TARGET GENES,,-2.9,5,4.4,30244,596,61,6,9.8,3.8,1431|10352|29968|51067|124454|128387,CS|WARS2|PSAT1|YARS2|EARS2|TATDN3,-0.45,0
1,-2.9,M40720,M1,1,0,Transcription Factor Targets,16,HMGB2 TARGET GENES,,-2.9,6.2,4.7,30244,400,61,5,8.2,3.5,1431|10201|10667|55157|63929,CS|NME6|FARS2|DARS2|XPNPEP3,-0.45,0
1,-2.9,M12826,M1,1,0,Transcription Factor Targets,16,ATF1 Q6,,-2.9,8.4,5.1,30244,237,61,4,6.6,3.2,2710|4967|5198|64080,GK|OGDH|PFAS|RBKS,-0.44,0
1,-2.8,M40826,M1,1,0,Transcription Factor Targets,16,CIC TARGET GENES,,-2.8,6,4.6,30244,411,61,5,8.2,3.5,2597|51067|79590|133686|134266,GAPDH|YARS2|MRPL24|NADK2|GRPEL2,-0.43,0
1,-2.8,M30020,M1,1,0,Transcription Factor Targets,16,HSF2 TARGET GENES,,-2.8,8.1,5,30244,246,61,4,6.6,3.2,3336|8566|63929|124454,HSPE1|PDXK|XPNPEP3|EARS2,-0.42,0
1,-2.8,M40818,M1,1,0,Transcription Factor Targets,16,ZNF680 TARGET GENES,,-2.8,4.7,4.2,30244,631,61,6,9.8,3.8,1431|2731|6647|8566|23438|25821,CS|GLDC|SOD1|PDXK|HARS2|MTO1,-0.39,0
1,-2.7,M30144,M1,1,0,Transcription Factor Targets,16,RORA TARGET GENES,,-2.7,7.6,4.8,30244,262,61,4,6.6,3.2,25828|65008|84705|128387,TXN2|MRPL1|GTPBP3|TATDN3,-0.35,0
1,-2.7,M13889,M1,1,0,Transcription Factor Targets,16,PPAR DR1 Q2,,-2.7,7.5,4.8,30244,264,61,4,6.6,3.2,2597|2643|64080|65008,GAPDH|GCH1|RBKS|MRPL1,-0.34,0
1,-2.7,M16213,M1,1,0,Transcription Factor Targets,16,ATF 01,,-2.7,7.4,4.7,30244,267,61,4,6.6,3.2,2710|4967|5198|63929,GK|OGDH|PFAS|XPNPEP3,-0.33,0
1,-2.6,M30007,M1,1,0,Transcription Factor Targets,16,HOXA10 TARGET GENES,,-2.6,7.3,4.7,30244,273,61,4,6.6,3.2,1431|25828|63875|124454,CS|TXN2|MRPL17|EARS2,-0.31,0
1,-2.6,M30132,M1,1,0,Transcription Factor Targets,16,PTPRA TARGET GENES,,-2.6,12,5.4,30244,129,61,3,4.9,2.8,11222|25828|65008,MRPL3|TXN2|MRPL1,-0.31,0
1,-2.5,M30323,M1,1,0,Transcription Factor Targets,16,ZNF436 TARGET GENES,,-2.5,4.9,4,30244,502,61,5,8.2,3.5,471|8566|54938|57176|84705,ATIC|PDXK|SARS2|VARS2|GTPBP3,-0.19,0
1,-2.4,M29979,M1,1,0,Transcription Factor Targets,16,GLI3 TARGET GENES,,-2.4,4,3.7,30244,742,61,6,9.8,3.8,471|5198|29968|51067|63929|133686,ATIC|PFAS|PSAT1|YARS2|XPNPEP3|NADK2,-0.16,0
1,-2.4,M40742,M1,1,0,Transcription Factor Targets,16,GTF2A2 TARGET GENES,,-2.4,4.8,3.9,30244,521,61,5,8.2,3.5,262|2752|10845|57176|128387,AMD1|GLUL|CLPX|VARS2|TATDN3,-0.14,0
1,-2.4,M30399,M1,1,0,Transcription Factor Targets,16,ZNF85 TARGET GENES,,-2.4,6.1,4.1,30244,327,61,4,6.6,3.2,8566|55157|57176|84705,PDXK|DARS2|VARS2|GTPBP3,-0.11,0
1,-2.3,M30122,M1,1,0,Transcription Factor Targets,16,PITX1 TARGET GENES,,-2.3,5.7,4,30244,345,61,4,6.6,3.2,2597|55157|124454|134266,GAPDH|DARS2|EARS2|GRPEL2,-0.042,0
1,-2.3,M30288,M1,1,0,Transcription Factor Targets,16,ZNF257 TARGET GENES,,-2.3,4.4,3.7,30244,559,61,5,8.2,3.5,5198|55157|57176|79590|84705,PFAS|DARS2|VARS2|MRPL24|GTPBP3,-0.03,0
1,-2.3,M40745,M1,1,0,Transcription Factor Targets,16,ZNF140 TARGET GENES,,-2.3,4.4,3.7,30244,562,61,5,8.2,3.5,9801|25821|55324|84705|124454,MRPL19|MTO1|ABCF3|GTPBP3|EARS2,-0.025,0
1,-2.2,M30301,M1,1,0,Transcription Factor Targets,16,ZNF331 TARGET GENES,,-2.2,5.4,3.8,30244,366,61,4,6.6,3.2,8566|23761|84705|128387,PDXK|PISD|GTPBP3|TATDN3,0,0
1,-2.2,M10046,M1,1,0,Transcription Factor Targets,16,ATF B,,-2.2,7.8,4.2,30244,191,61,3,4.9,2.8,4967|5198|64080,OGDH|PFAS|RBKS,0,0
1,-2.2,M30277,M1,1,0,Transcription Factor Targets,16,ZNF213 TARGET GENES,,-2.2,4.2,3.5,30244,595,61,5,8.2,3.5,10352|10380|25821|124454|128387,WARS2|BPNT1|MTO1|EARS2|TATDN3,0,0
1,-2.2,M29995,M1,1,0,Transcription Factor Targets,16,HES4 TARGET GENES,,-2.2,4.2,3.5,30244,597,61,5,8.2,3.5,262|11019|25828|57176|84705,AMD1|LIAS|TXN2|VARS2|GTPBP3,0,0
1,-2.1,M40813,M1,1,0,Transcription Factor Targets,16,ZNF784 TARGET GENES,,-2.1,5,3.6,30244,397,61,4,6.6,3.2,10380|65008|84705|128387,BPNT1|MRPL1|GTPBP3|TATDN3,0,0
1,-2,M40700,M1,1,0,Transcription Factor Targets,16,CREB3 TARGET GENES,,-2,4.9,3.6,30244,403,61,4,6.6,3.2,10845|11222|57176|133686,CLPX|MRPL3|VARS2|NADK2,0,0
1,-2,M29984,M1,1,0,Transcription Factor Targets,16,GTF2E2 TARGET GENES,,-2,4.8,3.5,30244,411,61,4,6.6,3.2,262|2752|11222|65008,AMD1|GLUL|MRPL3|MRPL1,0,0
1,-2,M40840,M1,1,0,Transcription Factor Targets,16,EPC1 TARGET GENES,,-2,6.8,3.9,30244,218,61,3,4.9,2.8,440|8566|11222,ASNS|PDXK|MRPL3,0,0
